<PAMDataset>
  <PAMRasterBand band="1">
    <Metadata>
      <MDI key="COLOR_TABLE_RULES_COUNT">5</MDI>
      <MDI key="COLOR_TABLE_RULE_RGB_0">4.404693e+02 4.814955e+02 0 191 191 0 255 0</MDI>
      <MDI key="COLOR_TABLE_RULE_RGB_1">4.814955e+02 5.225217e+02 0 255 0 255 255 0</MDI>
      <MDI key="COLOR_TABLE_RULE_RGB_2">5.225217e+02 5.635479e+02 255 255 0 255 127 0</MDI>
      <MDI key="COLOR_TABLE_RULE_RGB_3">5.635479e+02 6.045742e+02 255 127 0 191 127 63</MDI>
      <MDI key="COLOR_TABLE_RULE_RGB_4">6.045742e+02 6.456004e+02 191 127 63 200 200 200</MDI>
      <MDI key="STATISTICS_MAXIMUM">554.24444580078</MDI>
      <MDI key="STATISTICS_MEAN">509.26890872238</MDI>
      <MDI key="STATISTICS_MINIMUM">461.89953613281</MDI>
      <MDI key="STATISTICS_STDDEV">22.471250444844</MDI>
    </Metadata>
  </PAMRasterBand>
</PAMDataset>
